{"nextGlueDispenser":1741274109.0898457,"nextStickerPrinter":false,"nextKingBeetleCave":1741282177.4249459,"nextCoconutDispenser":false,"nextSpiderCave":1740687946.5003417,"username":"ukhaxbaby","nextWealthClock":1741201294.0911678,"nextWinterMemoryMatch":false,"nextRedFieldBooster":1740295163.4254158,"nextTreatDispenser":false,"nextHoneyWreath":1741198871.1863037,"nextBlueberryDispenser":1741209364.701651,"nextFreeRoyalJellyDispenser":false,"nextGingerbreadHouse":false,"nextStumpSnail":false,"nextTunnelBear":1741368606.1501053,"nextHoneydayCandles":false,"nextMushroomBush":false,"nextCoconutCrab":false,"nextCommandoChick":false,"nextPineappleBeetle":1740687164.1623605,"nextRoseBush2":false,"nextHoneystorm":false,"nextFreeRoboPassDispenser":false,"nextStrawberryDispenser":1741209427.392159,"nextRoseBush":1740687399.9795547,"nextOnettsLidArt":false,"nextSamovar":1741216596.3176366,"nextRhinoBush":1740687135.4218333,"nextBlueFieldBooster":1741200266.7158576,"nextPineappleMantis1":1740687456.4998847,"nextWerewolfCave":1740689863.9792922,"nextRhinoCave3":false,"nextRhinoCave2":1740687152.1622773,"nextWindShrine":false,"nextRhinoCave1":1740687145.1622039,"nextMegaMemoryMatch":1741209409.5976704,"nextLadybugBush3":false,"nextLadybugBush2":1740687178.1624628,"nextFreeAntPassDispenser":false,"nextFieldBooster":1741198463.6538454,"nextLadybugBush":false,"nextNightMemoryMatch":1741224522.3518537,"nextSproutSummoner":1741252628.9559668,"nextExtremeMemoryMatch":1741223832.7166193,"nextHoneyDispenser":false,"nextForestMantis2":false,"nextMemoryMatch":1741202178.1499396,"lastMaterials":{"dice1field":{"time":1740592903.7345854,"field":"Pine Tree Forest"},"Gumdrops":1739402728.2425144,"dice2field":{"field1":"Dandelion Field","time":1741196117.2636309}},"nextBeesmasFeast":1741200369.8392785,"nextSnowMachine":1741202126.3375173,"nextForestMantis1":1740687383.9794412,"nextStockings":1741198521.1635123}