{"nextGlueDispenser":false,"nextStickerPrinter":false,"nextKingBeetleCave":false,"nextCoconutDispenser":false,"nextSpiderCave":1739878923.8380976,"username":"ukhaxbaby3","nextWealthClock":false,"nextWinterMemoryMatch":false,"nextRedFieldBooster":false,"nextTreatDispenser":false,"nextHoneyWreath":false,"nextBlueberryDispenser":false,"nextFreeRoyalJellyDispenser":false,"nextGingerbreadHouse":false,"nextStumpSnail":false,"nextTunnelBear":false,"nextHoneydayCandles":false,"nextMushroomBush":false,"nextCoconutCrab":false,"nextCommandoChick":false,"nextPineappleBeetle":false,"nextRoseBush2":false,"nextHoneystorm":false,"nextFreeRoboPassDispenser":false,"nextStrawberryDispenser":false,"nextRoseBush":false,"nextOnettsLidArt":false,"nextSamovar":false,"nextRhinoBush":false,"nextBlueFieldBooster":false,"nextPineappleMantis1":false,"nextWerewolfCave":false,"nextRhinoCave3":false,"nextRhinoCave2":false,"nextWindShrine":false,"nextRhinoCave1":false,"nextMegaMemoryMatch":false,"nextLadybugBush3":false,"nextLadybugBush2":false,"nextFreeAntPassDispenser":false,"nextFieldBooster":false,"nextLadybugBush":false,"nextNightMemoryMatch":false,"nextSproutSummoner":false,"nextExtremeMemoryMatch":false,"nextHoneyDispenser":false,"nextForestMantis2":false,"nextMemoryMatch":false,"lastMaterials":[],"nextBeesmasFeast":false,"nextSnowMachine":false,"nextForestMantis1":false,"nextStockings":false}