{"hive":{"beetypes":false,"rj":false,"feedtype":"Bitterberry","rjrarity":false,"rjbeetypes":false,"stoprjgifted":false,"mutas":false,"amount":50,"giftedbasic":false,"mutations2":false,"neonberry":false,"bee":false},"misc":{"bqdelete":false,"console":false,"autossa2":false,"follow":false,"dapperbear":false,"serverhop":false,"beequips":false,"followfieldblacklist":false,"anonymous":false,"boosts":false,"rolldouble":false,"passives":false,"mobiletoggle":false,"serverhopinterval":30,"bqdel":false,"custompatterns":false,"autorejoin":false,"farmmultiplefields":false,"dapperslots":5,"bqthreshold":3},"combat":{"windymax":25,"viciousmin":1,"killtunnelbear":false,"killmondochick":false,"crabmethod":"Walk","killkingbeetle":false,"lootmondo":false,"killMantis":false,"killRhinoBeetle":false,"demonmask":false,"commandohelp":false,"commandomethod":"Walk","killSpider":false,"killcommando":false,"windymin":1,"killScorpion":false,"viciousmax":12,"craboil":false,"crabstingers":false,"killwindy":false,"crabstarsaw":false,"avoidmobs":true,"donatecloudvials2":false,"killvicious":false,"killAphid":true,"killcrab":false,"dmwhitelist":false,"giftedvicious":false,"killWerewolf":false,"killLadybug":false,"mondochicktime":15},"dispensers":{"coconut":false,"blueberry":false,"royaljelly":false,"treat":false,"strawberry":false,"robopass":false,"glue":false,"honey":false,"antpass":false},"autoquest":{"planters":false,"feedbees":false,"windshrine":false,"rileybee":false,"ragetokens":true,"gummybear":false,"buckobee":false,"xmas":false,"dupedtokens":false,"memorymatch":true,"onett":false,"beebear":false,"blackbear2":false,"pollen":true,"sciencebear":true,"puffshrooms":true,"goomethod":"Gumdrops","pandabear":false,"bestwhitefield":"Pumpkin Patch","bestredfield":"Rose Field","toys":true,"dapperbear":false,"brownbear":false,"stickbug":false,"blackbear":true,"mobs":true,"honeybee":false,"claim2":false,"polarbear":false,"enabled":true,"bestbluefield":"Pine Tree Forest","spiritbear":false,"goo":false,"ants":false,"motherbear":false},"face":{"balloons":false,"bubbles":false,"farmshiftlock":false,"gbubbles":false,"method":"Shift Lock","fires":false,"sldirection":"South","gballoons":false,"center":false},"convert":{"standInPreciseAt":75,"convertHiveBalloon":false,"instantType":false,"waitBeforeConverting":false,"coconutAt":85,"convertHoney":true,"resetWhenConverting":false,"convert6xBubbleBloat":false,"autoHoneyMask":false,"alwaysConvertBalloon":false,"timeToWait":15,"coconut":false,"convertHoneyAt":100,"standInPrecise":true,"useEnzymesBalloon":false,"convertField":false,"convertHiveBalloonAt":30,"defaultMask":"Diamond Mask","instantToggle":false},"boosters":{"min":1,"wanted":1,"required":false,"enabled2":false,"allowed":false,"fieldsblacklist":false},"vars":{"cannon":false,"sprinkler":"Basic Sprinkler","remote":false,"walkspeedenabled":true,"tweenspeed":12,"movement":"Tween","digmethod":"Autoclick","walkspeed":70,"jumpshortcuts":false,"walkspeed2":2,"walkdynamic":false},"blender":{"speedup":false,"enabled":false,"list":false},"stickbug":{"enabled":false,"stingers":false,"totem":true,"loot":false,"starsaw":false,"tickets":false,"circle":true},"toys":{"windshrine":false,"conversions":2,"stickerprinter":false,"stackselect":false,"sproutsummoner":false,"meteor":false,"discardselect":false,"stickerstacker":false,"enabled":false,"farmwinds":false,"interrupt":true,"windshrineamount2":1,"windshrineitem":"","stackmethod":"Tickets","windsblacklist":false,"stickerprinteregg":"Basic Egg","nectarcondenser":false,"honeystorm":false,"nectars":false,"wealthclock":false,"discardstickers":false},"webhook":{"planters":true,"disconnectid":"","interval":5,"url":"","graphurl":"","stickers":false,"enabled":false,"graph":false,"beequips":false,"drives":false,"hidebranding":false,"questdone2":false,"items":false,"disconnect":false,"console":false,"nectars":true,"balloon":true,"stumpsnail":true},"memorymatch":{"memorymatch":false,"nightmemorymatch":false,"extremememorymatch":false,"megamemorymatch":false,"blacklist":false},"rbc":{"maxround":15,"goomethod":"Gumdrops","rerollbees":false,"bestwhitefield":"Pumpkin Patch","bestredfield":"Pepper Patch","bestbluefield":"Stump Field","buydrives":{"Glitched":true,"White":true,"Blue":true,"Red":true},"stopafterround":false,"cogupgrades":true,"rerollupgrades":false,"enabled":false,"goldcogmowers":true,"upgrades2":false,"preset":"Blue","usedrives":{"Glitched":true,"White":true,"Blue":true,"Red":true},"materials3":false,"materialsenabled":false,"buypass":false,"upgradesenabled":false},"beesmas":{"roboparty":false,"snowmachine":false,"partymobs":false,"beesmasfeast":false,"snowflake":false,"sbstingers":false,"stockings":false,"coolbreeze":false,"snowbear":false,"partystarsaw":false,"honeymaskforwreath":false,"wintermemorymatch":false,"samovar":false,"partystingers":false,"partyspawn":false,"candles":false,"snowflakeAt":95,"sbstarsaw":false,"gingerbreadhouse":false,"onettlidart":false},"snail":{"enabled":false,"keep":false,"amulettype":"Bronze","boosts":[],"values":[],"amulet":false},"sprouts":{"enabled":false,"plant":false,"plantday":false,"rarity3":false,"fieldsblacklist":false,"plantnight":false},"detected":{"rares":false,"fastcoconuttween":false,"fastshowertween":false,"fastraretween":false},"progression":{"enabled":false},"materials":{"enabled":[],"starsaw":false,"scorchingstar":[],"enabled2":false,"interval":[],"gummystar":[],"intervaltime":{"BlueExtract":15},"popstar":[]},"puffshrooms":{"enabled":false,"rarity":"Common","max":15,"maintain":false,"highlvlpriority":false,"mintime":30,"min":1,"blacklistedfields":false,"priorityfields":false},"planters":{"manual":{"farmfield":false,"planter3":{"harvestatpercentage":true,"plant":false,"ignoresmoking":false,"lastfield":false,"field2":"None","field1":"Dandelion Field","field4":"None","harvestat":100,"planter":"Plastic Planter","timetoharvest":4,"field3":"None","harvestaftertime":false,"harvest":false},"planter2":{"harvestatpercentage":true,"plant":false,"ignoresmoking":false,"lastfield":false,"field2":"None","field1":"Dandelion Field","field4":"None","harvestat":100,"planter":"Plastic Planter","timetoharvest":4,"field3":"None","harvestaftertime":false,"harvest":false},"planter1":{"harvestatpercentage":true,"plant":false,"ignoresmoking":false,"lastfield":false,"field2":"None","field1":"Dandelion Field","field4":"None","harvestat":100,"planter":"Plastic Planter","timetoharvest":4,"field3":"None","harvestaftertime":false,"harvest":false}},"method":"Manual","cycles":{"cycle2":{"planter2":{"field":"Dandelion Field","planter":"None"},"timetoharvest":2,"harvestat":100,"ignoresmoking":false,"harvestatpercentage":true,"planter3":{"field":"Dandelion Field","planter":"None"},"harvestaftertime":false,"planter1":{"field":"Dandelion Field","planter":"None"}},"cycle4":{"planter2":{"field":"Dandelion Field","planter":"None"},"timetoharvest":2,"harvestat":100,"ignoresmoking":false,"harvestatpercentage":true,"planter3":{"field":"Dandelion Field","planter":"None"},"harvestaftertime":false,"planter1":{"field":"Dandelion Field","planter":"None"}},"cycle1":{"planter2":{"field":"Dandelion Field","planter":"None"},"timetoharvest":2,"harvestat":100,"ignoresmoking":false,"harvestatpercentage":true,"planter3":{"field":"Dandelion Field","planter":"None"},"harvestaftertime":false,"planter1":{"field":"Dandelion Field","planter":"None"}},"started":false,"lastcycle":false,"cycle3":{"planter2":{"field":"Dandelion Field","planter":"None"},"timetoharvest":2,"harvestat":100,"ignoresmoking":false,"harvestatpercentage":true,"planter3":{"field":"Dandelion Field","planter":"None"},"harvestaftertime":false,"planter1":{"field":"Dandelion Field","planter":"None"}}},"enabled":false,"nectar":{"satisfying":false,"ignoresmoking":false,"motivatingpriority":2,"refreshingpriority":4,"motivating":false,"invigoratinglastfield":"","invigorating":false,"comforting":false,"harvestat":100,"invigoratingmin2":16,"satisfyinglastfield":"","comfortinglastfield":"","harvestaftertime":true,"timetoharvest":2,"farmfield":false,"invigoratingpriority":5,"blacklistedfields":false,"motivatinglastfield":"","refreshingmin2":16,"preset":"Custom","satisfyingmin2":16,"motivatingmin2":16,"refreshing":false,"refreshinglastfield":"","satisfyingpriority":3,"ignorefielddeg":false,"harvestatpercentage":false,"comfortingpriority":1,"comfortingmin2":16,"allowedplanters":false}},"ant":{"enabled":false,"amulet":false,"starsaw":false,"boosts":[],"keep":false,"values":[],"stingers":false,"amulettype":"Bronze","antpass":false},"autofarm":{"patternblacklist":false,"farmshowers":true,"farmfires":false,"guidingfieldblacklist":false,"enabled":true,"autosprinkler":false,"farmcoconuts":true,"farmprecisemark":true,"prioritytokens":false,"patternstart":"Center","farmnearcenter":false,"farmfireflies":false,"autopopstar":true,"farmprecise":true,"farmtriangulate":false,"autoscorchingstar":true,"farmdupedtokens":true,"pattern":"CornerXSnake","farmfrogs":false,"farmcombococonuts":true,"farmbubbles":false,"autogummystar":true,"farmmeteorshowers":false,"ignorehoneytokens":false,"field3":"None","autoguidingstar":false,"farmmarks":false,"farmpuppyball":true,"dupedtokens":false,"farmballoons2":true,"farmclouds":true,"farmfuzzbombs":false,"field2":"None","fieldinterval":10,"sprinklerpos":"Center","combofield":false,"comboamount":0,"farmleaves":false,"patternenabled":false,"autodig":true,"field1":"Pineapple Patch"},"antilag":{"textures":false,"balloons":false,"flowers":false,"main":false,"players":false,"honeystorm":false,"tokens":false,"transparent":false,"bees":false,"decorations":false,"particles":false,"norender":false}}