{"hive":{"beetypes":false,"rj":false,"feedtype":"Bitterberry","rjrarity":false,"rjbeetypes":false,"stoprjgifted":false,"mutas":false,"amount":50,"giftedbasic":false,"mutations2":false,"neonberry":false,"bee":false},"misc":{"bqbuy":false,"console":false,"bqbuyconf":false,"autossa2":false,"follow":false,"dapperslots":5,"serverhop":false,"followfieldblacklist":false,"anonymous":false,"rolldouble":false,"boosts":false,"passives":false,"mobiletoggle":true,"bqdel2":false,"custompatterns":false,"farmmultiplefields":false,"serverhopinterval":30,"bqdelconf":false,"autorejoin":false},"combat":{"windymax":10,"viciousmin":1,"killtunnelbear":true,"killmondochick":false,"crabmethod":"Tween","killkingbeetle":true,"lootmondo":false,"killMantis":false,"killRhinoBeetle":false,"demonmask":false,"commandohelp":false,"commandomethod":"Walk","killSpider":false,"killcommando":false,"windymin":1,"killScorpion":false,"viciousmax":11,"craboil":false,"crabstingers":false,"killwindy":true,"crabstarsaw":false,"avoidmobs":true,"donatecloudvials2":false,"killvicious":true,"killAphid":true,"killcrab":false,"dmwhitelist":false,"giftedvicious":false,"killWerewolf":false,"killLadybug":false,"mondochicktime":15},"dispensers":{"coconut":false,"blueberry":true,"royaljelly":false,"treat":false,"strawberry":true,"robopass":false,"glue":true,"honey":false,"antpass":false},"autoquest":{"planters":false,"feedbees":false,"windshrine":false,"rileybee":false,"ragetokens":true,"gummybear":false,"buckobee":false,"xmas":false,"dupedtokens":true,"memorymatch":true,"onett":false,"beebear":false,"blackbear2":false,"pollen":true,"sciencebear":true,"puffshrooms":true,"goomethod":"Gumdrops","pandabear":false,"bestwhitefield":"Pumpkin Patch","bestredfield":"Pepper Patch","toys":true,"dapperbear":false,"brownbear":false,"stickbug":false,"blackbear":false,"mobs":true,"honeybee":false,"claim2":{"Science Bear":true,"Spirit Bear":true},"polarbear":false,"enabled":false,"bestbluefield":"Pine Tree Forest","spiritbear":true,"goo":false,"ants":false,"motherbear":false},"face":{"balloons":false,"bubbles":false,"farmshiftlock":false,"gbubbles":false,"method":"Shift Lock","fires":false,"sldirection":"South","gballoons":false,"center":false},"convert":{"standInPreciseAt":75,"convertHiveBalloon":true,"instantType":{"Honey Wreath":true},"waitBeforeConverting":false,"coconutAt":85,"convertHoney":true,"resetWhenConverting":false,"convert6xBubbleBloat":false,"autoHoneyMask":false,"alwaysConvertBalloon":false,"timeToWait":15,"coconut":false,"convertHoneyAt":100,"standInPrecise":true,"useEnzymesBalloon":false,"convertField":false,"convertHiveBalloonAt":15,"defaultMask":"Bubble Mask","instantToggle":true},"boosters":{"min":1,"wanted":1,"required":false,"enabled2":true,"allowed":{"Field Booster":true,"Blue Field Booster":true},"fieldsblacklist":{"Pumpkin Patch":true,"Pineapple Patch":true,"Mushroom Field":true,"Spider Field":true,"Cactus Field":true,"Strawberry Field":true,"Rose Field":true,"Sunflower Field":true,"Coconut Field":true,"Clover Field":true,"Mountain Top Field":true,"Stump Field":true,"Pepper Patch":true}},"vars":{"cannon":false,"sprinkler":"Golden Gushers","remote":false,"walkspeedenabled":true,"tweenspeed":12,"movement":"Tween","digmethod":"Autoclick","walkspeed":70,"jumpshortcuts":false,"walkspeed2":1.5,"walkdynamic":false},"blender":{"speedup":false,"enabled":false,"list":false},"stickbug":{"enabled":false,"stingers":false,"totem":true,"loot":false,"starsaw":false,"tickets":false,"circle":true},"toys":{"windshrine":false,"conversions":2,"stickerprinter":false,"stackselect":{"A":true,"aur":true},"sproutsummoner":true,"meteor":false,"discardselect":false,"stickerstacker":false,"enabled":true,"farmwinds":false,"interrupt":true,"windshrineamount2":1,"windshrineitem":"","stackmethod":"Tickets","windsblacklist":false,"stickerprinteregg":"Basic Egg","nectarcondenser":false,"honeystorm":false,"nectars":false,"wealthclock":true,"discardstickers":false},"webhook":{"planters":true,"disconnectid":"","interval":1,"url":"https://discord.com/api/webhooks/1342865260000055367/hZtTBi4Xnfw-5kBYoUN-rZpiJh0jvuBSEwXPN__uVVcia_Tcd0UlA_P2r7VSE9cRVGjO","graphurl":"https://discord.com/api/webhooks/1342865519782531154/cFQGH9wke4dNv1BFi3RPC3MfUK-yYpcH7TfEB0MX_tLIjc0jO9WkZMgdvbedTXk5jAYp","stickers":false,"enabled":true,"graph":true,"beequips":false,"drives":false,"hidebranding":true,"questdone2":false,"items":false,"disconnect":false,"console":false,"nectars":true,"balloon":true,"stumpsnail":true},"memorymatch":{"memorymatch":true,"nightmemorymatch":true,"extremememorymatch":true,"megamemorymatch":true,"blacklist":{"Jelly Bean":true,"Coconut":true}},"rbc":{"maxround":15,"goomethod":"Gumdrops","rerollbees":false,"bestwhitefield":"Pumpkin Patch","bestredfield":"Rose Field","bestbluefield":"Stump Field","buydrives":{"Glitched":true,"White":true,"Blue":true,"Red":true},"stopafterround":false,"cogupgrades":true,"rerollupgrades":false,"enabled":false,"goldcogmowers":true,"upgrades2":false,"preset":"Blue","usedrives":{"Glitched":true,"White":true,"Blue":true,"Red":true},"materials3":false,"materialsenabled":false,"buypass":false,"upgradesenabled":false},"beesmas":{"roboparty":false,"snowmachine":true,"partymobs":false,"beesmasfeast":true,"snowflake":false,"sbstingers":false,"stockings":true,"coolbreeze":false,"snowbear":false,"partystarsaw":false,"honeymaskforwreath":false,"wintermemorymatch":false,"samovar":true,"partystingers":false,"partyspawn":false,"candles":false,"snowflakeAt":95,"sbstarsaw":false,"gingerbreadhouse":false,"onettlidart":false},"snail":{"enabled":false,"keep":false,"amulettype":"Bronze","boosts":[],"values":[],"amulet":false},"sprouts":{"enabled":true,"plant":false,"plantday":false,"rarity3":[],"fieldsblacklist":[],"plantnight":false},"detected":{"rares":false,"fastcoconuttween":false,"fastshowertween":false,"fastraretween":false},"progression":{"enabled":false},"materials":{"enabled":[],"starsaw":false,"scorchingstar":[],"enabled2":false,"interval":[],"gummystar":[],"intervaltime":{"BlueExtract":15},"popstar":[]},"puffshrooms":{"enabled":false,"rarity":"Common","max":8,"maintain":false,"highlvlpriority":false,"mintime":30,"min":1,"blacklistedfields":false,"priorityfields":false},"planters":{"manual":{"farmfield":false,"planter3":{"harvestatpercentage":true,"plant":false,"ignoresmoking":false,"lastfield":false,"field2":"None","field1":"Dandelion Field","field4":"None","harvestat":100,"planter":"Plastic Planter","timetoharvest":4,"field3":"None","harvestaftertime":false,"harvest":false},"planter2":{"harvestatpercentage":true,"plant":true,"ignoresmoking":false,"lastfield":"Stump Field","field2":"Stump Field","field1":"Stump Field","field4":"Stump Field","harvestat":100,"planter":"Candy Planter","timetoharvest":4,"field3":"Stump Field","harvestaftertime":false,"harvest":true},"planter1":{"harvestatpercentage":false,"plant":true,"ignoresmoking":false,"lastfield":"Rose Field","field2":"Blue Flower Field","field1":"Rose Field","field4":"Pine Tree Forest","harvestat":100,"planter":"Plastic Planter","timetoharvest":1,"field3":"Strawberry Field","harvestaftertime":true,"harvest":true}},"method":"Manual","cycles":{"cycle2":{"planter2":{"field":"Dandelion Field","planter":"None"},"timetoharvest":2,"harvestat":100,"ignoresmoking":false,"harvestatpercentage":true,"planter3":{"field":"Dandelion Field","planter":"None"},"harvestaftertime":false,"planter1":{"field":"Dandelion Field","planter":"None"}},"cycle4":{"planter2":{"field":"Dandelion Field","planter":"None"},"timetoharvest":2,"harvestat":100,"ignoresmoking":false,"harvestatpercentage":true,"planter3":{"field":"Dandelion Field","planter":"None"},"harvestaftertime":false,"planter1":{"field":"Dandelion Field","planter":"None"}},"cycle1":{"planter2":{"field":"Dandelion Field","planter":"None"},"timetoharvest":2,"harvestat":100,"ignoresmoking":false,"harvestatpercentage":true,"planter3":{"field":"Dandelion Field","planter":"None"},"harvestaftertime":false,"planter1":{"field":"Dandelion Field","planter":"None"}},"started":false,"lastcycle":false,"cycle3":{"planter2":{"field":"Dandelion Field","planter":"None"},"timetoharvest":2,"harvestat":100,"ignoresmoking":false,"harvestatpercentage":true,"planter3":{"field":"Dandelion Field","planter":"None"},"harvestaftertime":false,"planter1":{"field":"Dandelion Field","planter":"None"}}},"enabled":true,"nectar":{"satisfying":false,"ignoresmoking":false,"motivatingpriority":2,"refreshingpriority":4,"motivating":false,"invigoratinglastfield":"","invigorating":false,"comforting":false,"harvestat":100,"invigoratingmin2":16,"satisfyinglastfield":"","comfortinglastfield":"","harvestaftertime":true,"timetoharvest":2,"farmfield":false,"invigoratingpriority":5,"blacklistedfields":false,"motivatinglastfield":"","refreshingmin2":16,"preset":"Custom","satisfyingmin2":16,"motivatingmin2":16,"refreshing":false,"refreshinglastfield":"","satisfyingpriority":3,"ignorefielddeg":false,"harvestatpercentage":false,"comfortingpriority":1,"comfortingmin2":16,"allowedplanters":false}},"ant":{"enabled":false,"amulet":false,"starsaw":false,"boosts":[],"keep":false,"values":[],"stingers":false,"amulettype":"Bronze","antpass":false},"autofarm":{"patternblacklist":false,"farmshowers":true,"farmfires":false,"guidingfieldblacklist":false,"enabled":true,"autosprinkler":true,"farmcoconuts":true,"farmprecisemark":true,"prioritytokens":false,"patternstart":"Center","farmfireflies":false,"autopopstar":true,"farmprecise":true,"farmtriangulate":false,"autoscorchingstar":true,"farmdupedtokens":true,"pattern":"CornerXSnake","farmfrogs":false,"farmcombococonuts":true,"farmbubbles":false,"autogummystar":true,"farmmeteorshowers":false,"ignorehoneytokens":false,"field3":"None","dupedtokens":false,"farmposition":false,"autoguidingstar":false,"farmmarks":false,"farmpuppyball":true,"farmposenabled":false,"farmballoons2":true,"farmclouds":true,"farmfuzzbombs":false,"field2":"None","fieldinterval":10,"sprinklerpos":"Center","combofield":false,"comboamount":0,"farmleaves":false,"patternenabled":false,"autodig":true,"field1":"Pine Tree Forest"},"antilag":{"textures":false,"balloons":false,"flowers":false,"bssui":false,"main":false,"players":false,"tokens":false,"transparent":false,"bees":true,"decorations":true,"particles":false,"norender":false}}